country,ISO code,GDP in 2011,GDP  in 2012,GDP  in 2013,GDP in 2014,GDP  in 2015,GDP in 2016,Country GDP rank in 2011,Country GDP rank in 2012,Country GDP rank in 2013,Country GDP rank in 2014,Country GDP rank in 2015,Country GDP rank in 2016,GDP per capita in 2011,GDP per capita  in 2012,GDP per capita  in 2013,GDP per capita  in 2014,GDP per capita in 2015,GDP per capita  in 2016,Country GDP per capita rank in 2011,Country GDP per capita rank in 2012,Country GDP per capita rank in 2013,Country GDP per capita rank in 2014,Country GDP per capita rank in 2015,Country GDP per capita rank in 2016
Afghanistan,AFG,17930239400,20536542737,20046334304,20050189882,19702986341,19469022208,110,105,105,104,104,104,603.5370231,669.0090509,631.7449706,612.0696514,584.0259021,561.7787463,175,172,174,175,172,166
Albania,ALB,12890867539,12319784787,12781029644,13219857459,11390365294,11926892453,121,124,124,124,125,118,4437.178068,4247.614308,4414.72314,4575.763787,3954.022783,4146.89625,103,105,104,102,105,95
Algeria,DZA,2.00E+11,2.09E+11,2.10E+11,2.14E+11,1.65E+11,1.56E+11,47,47,48,47,53,51,5432.250203,5564.82566,5471.866766,5470.851007,4132.760292,3843.752322,97,96,96,92,100,103
Andorra,AND,3427022519,3146151869,3248924588,,,,156,155,156,,,,40919.18328,38167.09575,40215.43532,,,,25,26,26,,,
Angola,AGO,1.04E+11,1.15E+11,1.25E+11,1.27E+11,1.03E+11,89633156470,59,59,59,58,57,59,4299.012889,4598.249988,4804.616884,4709.312024,3695.793748,3110.808183,105,101,100,101,111,112
Antigua and Barbuda,ATG,1141865444,1216045778,1195885111,1274330333,1355645889,1449160185,171,168,170,168,166,158,11929.34991,12565.44197,12224.86416,12888.29667,13566.90541,14353.37881,59,58,60,55,49,46
Argentina,ARG,5.30E+11,5.46E+11,5.52E+11,5.26E+11,5.85E+11,5.46E+11,23,22,22,25,21,21,12726.90836,12969.70712,12976.63642,12245.25645,13467.10236,12449.21685,57,54,57,58,51,52
Armenia,ARM,10142111334,10619320049,11121465767,11609512940,10529182498,10547331235,132,129,131,131,128,124,3526.978143,3684.80481,3843.591213,3994.712355,3609.654776,3606.152057,119,117,114,110,112,108
Australia,AUS,1.39E+12,1.54E+12,1.57E+12,1.46E+12,1.35E+12,1.20E+12,13,12,12,12,13,14,62245.10029,67677.63477,67792.30386,62214.60912,56554.03876,49927.81951,7,6,6,7,6,11
Austria,AUT,4.29E+11,4.07E+11,4.28E+11,4.38E+11,3.77E+11,3.86E+11,27,28,28,27,29,27,51126.74139,48333.57273,50504.71532,51322.63997,43665.00947,44176.51522,14,16,14,14,14,13
Azerbaijan,AZE,65951627200,69684317719,74164435946,75244166773,53074370486,37847715736,66,65,67,67,76,83,7189.691229,7496.335728,7875.756953,7891.299776,5500.310382,3876.936433,82,77,76,75,88,101
"Bahamas, The",BHS,7890000000,8399000000,8522000000,8618000000,8854000000,9047000000,138,136,137,138,133,129,21523.97372,22575.59019,22590.39338,22550.23301,22888.13405,23124.38655,40,34,36,35,31,30
Bahrain,BHR,29157446809,30749308511,32898670213,33387712766,31125851064,31858510638,91,91,91,92,93,89,22810.10242,23649.36661,25010.18329,24983.37902,22688.87824,22354.16707,38,33,32,32,32,31
Bangladesh,BGD,1.29E+11,1.33E+11,1.50E+11,1.73E+11,1.95E+11,2.21E+11,58,57,57,54,44,42,835.7893401,856.342857,951.8894535,1084.56543,1210.15812,1358.779752,164,163,163,158,148,141
Barbados,BRB,4358900000,4332150000,4371200000,4352700000,4421800000,4587550000,153,150,153,154,147,143,15534.15704,15384.8749,15472.7814,15359.66971,15557.83081,16096.89259,46,46,50,49,43,40
Belarus,BLR,61762341357,65685903833,75527537703,78813049850,56454775871,47433442293,69,68,65,66,73,76,6519.710753,6940.243915,7978.825443,8318.429294,5949.110677,4989.254611,84,81,74,71,85,88
Belgium,BEL,5.27E+11,4.98E+11,5.20E+11,5.32E+11,4.55E+11,4.66E+11,25,26,25,24,25,24,47702.77415,44740.5717,46510.38647,47439.39684,40356.875,41096.1573,19,19,19,18,18,17
Belize,BLZ,1486712300,1573618750,1613705850,1706497950,1742545900,1765256400,167,164,164,162,159,155,4516.24675,4673.63848,4688.538443,4852.223666,4849.997495,4810.565902,102,100,102,99,94,90
Benin,BEN,7814081156,8152554487,9156748441,9707432016,8290986804,8583031398,139,137,136,135,136,130,825.9427854,837.9505001,915.2674586,943.686575,783.947091,789.4404107,168,164,164,163,160,154
Bhutan,BTN,1820207626,1823692110,1798333726,1958819915,2057947621,2236933238,165,161,163,160,157,152,2458.045976,2422.008016,2350.882889,2522.796008,2613.645177,2804.000223,131,131,131,129,126,121
Bolivia,BOL,23963033444,27084497540,30659338929,32996187988,33000198263,33806395514,99,94,93,93,91,88,2377.675918,2645.227753,2947.938526,3124.00031,3077.026199,3104.956089,132,129,129,123,117,113
Bosnia and Herzegovina,BIH,18629346791,17207367626,18154290272,18521475376,16173806635,16559695719,107,109,108,107,108,105,5050.156834,4716.673325,5035.86555,5193.904932,4574.090787,4708.718261,101,98,98,96,97,91
Botswana,BWA,15682926890,14686278714,14915780533,16259445050,14430608463,15274861068,113,114,117,115,111,108,7645.214609,7029.231453,7007.625783,7497.762376,6532.060501,6788.042745,76,80,84,80,78,75
Brazil,BRA,2.62E+12,2.47E+12,2.47E+12,2.46E+12,1.80E+12,1.80E+12,6,7,7,7,9,9,13167.47289,12291.46685,12216.90446,12026.61731,8757.206202,8649.948492,56,60,61,60,67,62
Brunei Darussalam,BRN,18525319978,19048495519,18093829923,17123125493,12930394938,11400266877,108,106,109,110,117,119,47017.0273,47651.25909,44597.27968,41590.86502,30967.89051,26938.50338,20,17,20,24,24,26
Bulgaria,BGR,57418391042,53903028252,55758744571,56732006512,50199117547,52395164027,73,73,75,76,78,73,7813.803499,7378.025539,7674.860559,7853.335191,6993.47736,7350.795801,75,79,77,77,76,71
Burkina Faso,BFA,10724061339,11166061508,11934606510,12400688571,11148759325,12115155932,128,128,130,128,126,117,666.8402783,673.8227,699.0452847,705.1464113,615.592225,649.7304837,173,171,170,171,169,162
Burundi,BDI,2355652126,2472384907,2714505635,3093647227,3097324740,3007029030,162,159,159,156,155,151,260.4799073,265.2856051,282.7555252,312.7489794,303.6810223,285.7274421,190,187,188,186,184,178
Cabo Verde,CPV,1864824081,1751888562,1850951315,1858121723,1574288668,1617467436,164,162,162,161,162,157,3670.429453,3408.482762,3558.796314,3529.618403,2954.119467,2997.75268,116,119,119,114,120,116
Cambodia,KHM,12829541141,14038383450,15449630419,16777820333,18049954289,20016747754,123,119,114,113,106,101,882.4901462,950.0244132,1028.419568,1098.687123,1163.18977,1269.907238,162,162,160,157,150,143
Cameroon,CMR,26587311528,26472056038,29567504655,32050817633,28415950981,24204448567,95,96,96,94,94,95,1295.649726,1255.648189,1365.34419,1441.140107,1244.429421,1032.648722,153,152,150,146,147,147
Canada,CAN,1.79E+12,1.82E+12,1.84E+12,1.79E+12,1.55E+12,1.53E+12,11,11,11,11,10,10,52082.21076,52496.69487,52413.72116,50440.43376,43315.70044,42157.92799,13,10,11,15,15,15
Central African Republic,CAF,2212699747,2184183758,1518565219,1702898940,1583776760,1756124677,163,160,165,163,161,156,494.3306779,486.410114,337.4849614,377.1320274,348.381417,382.2131743,182,180,186,184,183,174
Chad,TCD,12156380425,12368071039,12949854263,13922223234,10888798114,9600761474,125,123,122,120,127,128,989.2363633,973.4702574,986.0103177,1025.998515,777.2487051,664.2956519,160,158,162,161,161,161
Chile,CHL,2.52E+11,2.67E+11,2.78E+11,2.61E+11,2.43E+11,2.47E+11,40,38,39,40,41,40,14705.69242,15431.90293,15941.39722,14817.37778,13653.2264,13792.92605,47,45,46,50,48,48
China,CHN,7.57E+12,8.56E+12,9.61E+12,1.05E+13,1.11E+13,1.12E+13,2,2,2,2,2,2,5633.796106,6337.882993,7077.770594,7683.502038,8069.211938,8123.180873,93,90,82,79,70,66
Colombia,COL,3.35E+11,3.70E+11,3.80E+11,3.78E+11,2.92E+11,2.82E+11,33,33,31,31,38,39,7227.73968,7884.984429,8030.58603,7913.383432,6044.525556,5805.605335,81,73,73,74,83,83
Comoros,COM,586281766.8,570865941.2,618663921.9,647720707.1,565689764.6,616654490.5,181,178,179,177,175,169,829.7586885,788.632653,834.3410949,852.9543079,727.6463868,775.0800847,167,166,166,164,165,156
"Congo, Dem. Rep.",COD,23849009738,27463220380,30014813756,34028119333,36188521107,34998638634,100,93,95,91,89,87,357.4834938,398.1406948,420.87049,461.5680853,474.9360481,444.5053168,188,184,183,178,176,171
"Congo, Rep.",COG,14425607224,13677930124,14085852120,14177437627,8553154506,7833509443,117,120,120,118,135,133,3196.647534,2952.052348,2964.573152,2910.520153,1712.121131,1528.24483,124,125,128,127,137,135
Costa Rica,CRI,42262697840,46473128286,49745088112,50656002896,54840103850,57435507212,81,78,78,78,74,70,9186.59639,9985.36959,10569.66631,10647.44179,11406.36273,11824.6381,70,66,65,63,56,55
Cote d'Ivoire,CIV,25381616734,27040562587,31273049200,35372603446,32828516580,36164644633,97,95,92,90,92,86,1214.703946,1262.480218,1423.682282,1569.928275,1420.626884,1526.197175,155,150,149,145,142,136
Croatia,HRV,62236751773,56485301967,57769872075,57080369368,48676334689,50425333970,68,72,72,75,79,74,14539.18421,13235.97757,13574.74009,13467.46827,11579.66704,12090.66656,48,52,56,54,55,54
Cuba,CUB,68990000000,73141000000,77148000000,80656100000,87132800000,,63,64,64,64,63,,6075.924306,6425.941119,6760.15344,7050.50199,7602.261218,,88,87,87,83,73,
Cyprus,CYP,27427161523,25012206090,24054965481,23308212817,19559942331,19801664168,94,99,103,102,105,102,32233.83942,28951.15556,27907.96736,27340.88382,23075.1127,23324.20174,30,29,30,30,30,29
Czech Republic,CZE,2.28E+11,2.07E+11,2.09E+11,2.08E+11,1.85E+11,1.93E+11,44,49,49,48,48,46,21717.45794,19729.87051,19916.01939,19744.55861,17556.9243,18266.54969,39,41,41,40,37,35
Denmark,DNK,3.44E+11,3.27E+11,3.44E+11,3.52E+11,3.01E+11,3.06E+11,32,34,34,32,33,32,61753.66007,58507.50021,61191.19263,62425.5392,53014.64416,53417.66428,8,7,7,6,9,8
Djibouti,DJI,1239144502,1353632942,1455000000,1588000000,1727000000,,169,165,166,164,160,,1430.986898,1536.150685,1622.637974,1740.915011,1862.167274,,147,144,144,140,135,
Dominica,DMA,500988407.4,485905592.6,508447148.1,528178703.7,517218963,525424630,182,179,180,178,176,170,6985.532327,6744.567106,7022.750665,7257.395143,7069.502788,7144.454673,83,82,83,82,75,73
Dominican Republic,DOM,57746684847,60613645121,61965942057,65231032303,68102618092,71583553488,72,69,69,70,66,63,5759.0643,5968.876767,6027.055544,6268.692122,6468.471648,6722.223536,91,91,94,89,79,76
Ecuador,ECU,79276664000,87924544000,95129659000,1.02E+11,1.00E+11,97802211000,62,62,62,60,59,56,5223.351763,5702.104313,6074.090829,6432.216537,6205.062224,5968.984138,98,94,93,88,82,81
"Egypt, Arab Rep.",EGY,2.36E+11,2.79E+11,2.89E+11,3.06E+11,3.33E+11,3.36E+11,43,37,38,37,31,30,2747.480327,3181.441708,3213.389158,3327.754247,3547.713012,3514.490097,128,122,122,119,113,110
El Salvador,SLV,23139040000,23813600000,24350930000,25054230000,26052340000,26797470000,103,101,102,101,98,93,3736.58713,3827.786267,3895.664491,3988.771871,4127.11775,4223.584579,113,113,113,111,101,94
Equatorial Guinea,GNQ,21329395901,22389627294,21942597765,21461989483,12162117377,10178967206,104,104,104,103,121,126,21451.88617,21557.6528,20246.99308,19002.59733,10347.31257,8333.238263,41,39,40,42,59,64
Eritrea,ERI,2607739837,,,,,,159,,,,,,582.7755302,,,,,,177,,,,,
Estonia,EST,23170239901,23043864510,25081185831,26213940387,22460470490,23136741984,102,103,100,99,100,96,17454.84342,17421.89022,19029.7746,19941.45532,17074.92091,17574.68736,45,43,43,39,39,37
Ethiopia,ETH,31952763089,43310721414,47648211133,55612228234,64464423675,72374252815,89,81,81,77,68,62,354.8463544,468.5067249,502.1535887,571.1622759,645.4637627,706.7577541,189,181,179,176,168,159
Fiji,FJI,3774530616,3972012571,4190143206,4469810099,4391064781,4631626234,154,152,154,153,148,142,4353.121392,4546.738504,4763.068956,5046.03728,4921.896209,5153.351544,104,102,101,97,93,87
Finland,FIN,2.74E+11,2.57E+11,2.70E+11,2.73E+11,2.32E+11,2.37E+11,38,40,41,39,42,41,50790.72415,47415.55987,49638.07713,49914.61864,42405.39744,43090.24751,15,18,15,16,16,14
France,FRA,2.86E+12,2.68E+12,2.81E+12,2.85E+12,2.43E+12,2.47E+12,5,5,5,6,6,6,43810.20088,40838.02444,42554.12205,42955.24287,36526.77011,36854.96828,23,24,23,23,21,23
Gabon,GAB,18186478120,17171447372,17590716232,18179717776,14262032471,14213558130,109,110,110,108,113,111,10716.20258,9774.181017,9679.742995,9692.163874,7388.984144,7179.340661,63,68,68,68,74,72
"Gambia, The",GMB,904256643.4,912569686.8,903779326.2,849122624.8,938794719.4,964599177.5,174,172,173,172,170,164,517.7942063,506.3853433,486.0795247,442.7466899,474.7165587,473.1904363,180,178,180,181,177,169
Georgia,GEO,14434619982,15846474596,16140047012,16509305828,13993546732,14332880086,116,111,111,114,115,110,3725.063221,4142.869175,4274.376857,4429.650075,3764.640912,3853.649904,114,107,106,103,110,102
Germany,DEU,3.76E+12,3.54E+12,3.75E+12,3.88E+12,3.36E+12,3.47E+12,4,4,4,4,4,4,46810.32796,44065.24891,46530.91143,47902.65288,41176.88158,41936.05858,21,21,18,17,17,16
Ghana,GHA,39566292433,41939728979,47805069495,38616536132,37543361204,42689783734,84,84,79,88,86,80,1574.978653,1629.800222,1814.492297,1432.227943,1361.113905,1513.461034,143,142,142,147,144,137
Greece,GRC,2.88E+11,2.46E+11,2.40E+11,2.36E+11,1.95E+11,1.95E+11,36,42,42,43,45,45,25916.29353,22242.68193,21874.8195,21673.78107,18007.78991,18103.96932,32,36,37,37,36,36
Grenada,GRD,778648666.7,799882148.1,842571333.3,911481481.5,984074074.1,1016208195,177,174,174,171,169,163,7410.408438,7583.187002,7955.615985,8569.776998,9212.192824,9469.219181,77,75,75,70,63,60
Guatemala,GTM,47654841113,50388454861,53851058955,58722323918,63767597194,68763255964,76,77,77,73,69,65,3187.845296,3299.605139,3452.828934,3687.763767,3923.573344,4146.744129,125,121,121,113,107,96
Guinea,GIN,5067360009,5667229759,6231725485,6624068016,6699203543,6298927773,149,145,145,144,140,138,459.2009012,502.3485646,540.1693204,561.0997387,554.0408766,508.1450784,183,179,178,177,173,167
Guinea-Bissau,GNB,1105497855,995582062.3,1026664189,1109007300,1056776897,1126122708,172,171,172,170,168,162,692.6009989,607.7518833,610.5663047,642.6256154,596.8717189,620.2147647,171,174,175,172,170,163
Guyana,GUY,2576602497,2851154076,2990006534,3077086276,3179104116,3446266344,160,156,157,157,154,150,3439.597513,3785.935665,3944.178173,4030.802321,4136.689919,4456.553697,120,114,112,109,99,93
Haiti,HTI,7516834160,7890216508,8452509316,8776360623,8724656126,8022638722,140,138,139,137,134,132,740.9358452,766.8437623,810.2656073,830.1148117,814.5463952,739.5954363,169,168,167,165,159,157
Honduras,HND,17710275997,18528554861,18499729063,19756533658,20844308601,21516915353,112,108,107,106,103,97,2120.584798,2178.383025,2136.773905,2242.711912,2326.158506,2361.15762,134,132,133,131,128,124
Hungary,HUN,1.40E+11,1.27E+11,1.35E+11,1.39E+11,1.22E+11,1.24E+11,56,58,58,56,55,54,14048.87958,12834.32349,13613.60147,14117.97668,12365.62603,12664.84744,53,56,55,53,54,51
Iceland,ISL,14674650435,14218575093,15479256845,17178962757,16783714958,20047413006,114,116,113,109,107,100,46000.02017,44333.85018,47810.30888,52473.11356,50734.4436,59976.94257,22,20,17,12,10,5
India,IND,1.82E+12,1.83E+12,1.86E+12,2.04E+12,2.11E+12,2.26E+12,10,10,10,10,7,7,1461.671957,1446.98541,1452.195373,1573.118089,1613.188708,1709.387921,146,145,147,144,139,134
Indonesia,IDN,8.93E+11,9.18E+11,9.13E+11,8.91E+11,8.61E+11,9.32E+11,17,16,17,17,16,16,3634.276805,3687.953996,3620.663981,3491.595887,3336.106686,3570.294888,117,116,115,115,115,109
"Iran, Islamic Rep.",IRN,5.92E+11,5.87E+11,5.12E+11,4.25E+11,3.93E+11,,21,21,27,28,27,,7842.434673,7680.600644,6607.068354,5424.309974,4957.581276,,74,74,88,94,92,
Iraq,IRQ,1.86E+11,2.18E+11,2.35E+11,2.35E+11,1.80E+11,1.71E+11,49,45,45,44,50,50,5854.614497,6651.12242,6925.224046,6703.074737,4974.02693,4609.600694,89,84,85,84,90,92
Ireland,IRL,2.41E+11,2.26E+11,2.39E+11,2.56E+11,2.84E+11,2.94E+11,42,43,43,41,39,37,52567.52568,49231.36254,52034.76736,55503.32623,60664.1044,61606.48294,12,14,12,10,5,4
Israel,ISR,2.61E+11,2.58E+11,2.93E+11,3.09E+11,2.99E+11,3.19E+11,39,39,37,35,34,31,33657.15727,32569.59683,36393.66932,37582.84624,35729.37253,37292.61222,29,28,27,26,22,22
Italy,ITA,2.28E+12,2.07E+12,2.13E+12,2.15E+12,1.82E+12,1.85E+12,8,9,9,8,8,8,38334.68477,34814.12436,35370.27441,35396.66517,30049.14755,30527.2682,28,27,28,27,25,24
Jamaica,JAM,14440457549,14802430173,14276559216,13897561173,14261995114,14027151473,115,113,119,121,114,113,5103.549487,5210.303363,5006.144952,4855.743789,4965.989857,4868.248263,99,97,99,98,91,89
Japan,JPN,6.16E+12,6.20E+12,5.16E+12,4.85E+12,4.38E+12,4.94E+12,3,3,3,3,3,3,48167.99727,48603.47665,40454.44746,38096.21151,34474.13736,38894.46773,18,15,25,25,23,20
Jordan,JOR,28840263380,30937277606,33593843662,35826925775,37517410282,38654727746,92,90,90,89,87,82,3807.324145,3870.753211,3992.867107,4066.940775,4096.099275,4087.937517,111,109,111,108,103,98
Kazakhstan,KAZ,1.93E+11,2.08E+11,2.37E+11,2.21E+11,1.84E+11,1.34E+11,48,48,44,46,49,53,11634.42422,12387.18982,13890.85601,12806.56511,10509.98107,7510.077209,60,59,53,56,58,70
Kenya,KEN,41953433591,50412754822,55097343448,61445345999,63767539357,70529014778,82,76,76,72,70,64,987.4453967,1155.020582,1229.114798,1335.06458,1349.970144,1455.359765,161,155,153,148,145,139
Kiribati,KIR,177142135.1,188045661.6,187153601.1,186066973.1,160121929.2,165765016.4,187,184,186,183,182,176,1692.613277,1763.815497,1724.361737,1684.504274,1424.483611,1449.058231,138,138,143,142,141,140
"Korea, Dem. People’s Rep.",PRK,,,,,,,,,,,,,,,,,,,,,,,,
"Korea, Rep.",KOR,1.20E+12,1.22E+12,1.31E+12,1.41E+12,1.38E+12,1.41E+12,14,14,14,13,11,11,24079.78852,24358.78218,25890.01867,27811.36638,27105.07623,27538.80613,34,32,31,29,27,25
Kuwait,KWT,1.54E+11,1.74E+11,1.74E+11,1.63E+11,1.14E+11,,55,54,55,55,56,,48268.5912,51264.07134,48399.90581,42996.40812,28975.40108,,17,12,16,22,26,
Kyrgyz Republic,KGZ,6197766119,6605139933,7335027592,7468096567,6678178340,6551287938,145,143,143,142,141,137,1123.883168,1177.974735,1282.437162,1279.769783,1121.082835,1077.036174,157,153,151,151,153,146
Lao PDR,LAO,8261299200,10191367558,11942157500,13268297522,14390323462,15903437790,136,132,129,123,112,107,1304.384015,1588.635866,1838.794779,2017.563344,2159.422978,2353.152875,151,143,141,136,129,125
Latvia,LVA,28223552825,28119996053,30254571078,31352249350,27026037600,27677391316,93,92,94,95,97,90,13702.68947,13822.80559,15032.22924,15725.01374,13666.58336,14118.06391,55,51,51,47,47,47
Lebanon,LBN,40078938640,43205095854,44352417910,45730945274,47084703151,47536798648,83,82,86,84,80,75,8734.900653,8787.946608,8406.285153,8161.4614,8046.632851,7914.004677,71,71,72,72,72,67
Lesotho,LSO,2791545696,2678243067,2532392022,2520952363,2335194894,2199709489,158,157,160,158,156,153,1352.384303,1281.50016,1196.01335,1174.839214,1073.828093,998.1343716,149,149,154,153,154,149
Liberia,LBR,1545400000,1735500000,1946500000,2013000000,2034000000,2101000000,166,163,161,159,158,154,379.6895803,415.0361958,454.1222236,458.4651734,452.0380717,455.3707414,186,183,182,179,178,170
Libya,LBY,34699395524,,,,,,85,,,,,,5602.549434,,,,,,94,,,,,
Liechtenstein,LIE,5739977477,5456009385,6391735894,6663501419,,,147,146,144,143,,,158283.0763,149295.646,173528.1505,179478.5848,,,2,1,1,1,,
Lithuania,LTU,43476878139,42847900766,46473646002,48545251796,41402022148,42738875963,80,83,82,81,84,79,14357.73679,14341.08306,15712.82376,16554.97139,14252.42853,14879.6803,50,49,47,45,46,45
Luxembourg,LUX,60004630234,56677961787,61808178300,66298060522,58048242436,59947781147,70,71,70,68,72,69,115761.5077,106749.0136,113751.8005,119172.7418,101909.8223,102831.3215,3,2,2,2,1,1
"Macedonia, FYR",MKD,10494632699,9745251126,10817712139,11362272838,10051659161,10899583155,129,134,133,132,130,123,5064.041106,4698.689476,5211.4992,5469.217898,4834.136723,5237.14767,100,99,97,93,95,86
Madagascar,MDG,9892702358,9919780071,10601690872,10673516673,9738652322,9990653078,133,133,134,134,131,127,454.963464,443.9061001,461.7230722,452.4631926,401.8575951,401.3188701,184,182,181,180,180,173
Malawi,MWI,8003300198,6028470989,5518901971,6054750320,6373201160,5441852138,137,144,147,145,143,140,512.1254051,374.5018802,332.9223039,354.7253961,362.6575444,300.7948251,181,186,187,185,181,177
Malaysia,MYS,2.98E+11,3.14E+11,3.23E+11,3.38E+11,2.96E+11,2.96E+11,35,35,35,34,36,35,10405.12062,10779.49641,10882.27842,11183.96191,9643.644683,9502.568396,64,62,64,62,60,58
Maldives,MDV,2449576517,2518312129,2795147950,3094197810,3435244659,3591112751,161,158,158,155,153,149,6497.550443,6541.070465,7112.33575,7716.204015,8395.785198,8601.632488,85,86,81,78,68,63
Mali,MLI,12978107561,12442747897,12813248725,14004067516,12746688962,14045098238,120,122,123,119,119,112,835.0889098,777.3476868,777.6059139,825.5729915,729.7205338,780.5071109,165,167,168,166,164,155
Malta,MLT,9500001983,9198987220,10131419449,11188785253,10287007021,10949092472,135,135,135,133,129,122,22821.8407,21930.80836,23930.18808,26180.92599,23819.4636,25058.17061,37,38,34,31,29,28
Marshall Islands,MHL,172674900,185055800,190992000,183114100,179432600,183000000,188,185,185,184,181,175,3286.416581,3513.962364,3617.752354,3461.645053,3385.904065,3448.535786,121,118,116,117,114,111
Mauritania,MRT,5179689614,5225532807,5724227536,5391475878,4844223518,4634588338,148,147,146,147,146,141,1393.261593,1364.283745,1450.578038,1326.668802,1158.256469,1077.556136,148,148,148,149,152,145
Mauritius,MUS,11518393367,11668685524,12129642296,12803445934,11681761261,12164207330,127,126,128,126,123,116,9197.026972,9291.227619,9637.00265,10153.93822,9252.110724,9627.595785,69,69,69,65,62,57
Mexico,MEX,1.17E+12,1.19E+12,1.26E+12,1.30E+12,1.15E+12,1.05E+12,15,15,15,15,15,15,9834.472689,9820.532572,10298.86766,10452.27766,9143.128494,8201.306253,65,67,66,64,64,65
"Micronesia, Fed. Sts.",FSM,310287500,325835200,315725600,318072000,314971100,322000000,184,181,182,181,179,173,2998.874048,3148.074935,3044.546875,3057.943566,3016.011223,3068.507771,127,124,125,125,118,115
Moldova,MDA,7015206498,7284686576,7985349731,7983271111,6512899540,6749515655,141,141,140,141,142,136,1970.571373,2046.536787,2243.979662,2244.763762,1832.499052,1900.201479,135,134,132,130,136,132
Monaco,MCO,6074884389,,,,,,146,,,,,,162009.8778,,,,,,1,,,,,
Mongolia,MNG,10409797610,12292770631,12582122604,12226514746,11741338841,11160356498,131,125,126,129,122,120,3769.595255,4368.082248,4385.379355,4181.583321,3944.180039,3686.451698,112,104,105,106,106,107
Montenegro,MNE,4538198499,4087724528,4464260489,4587928884,4019889098,4173255531,151,151,152,150,152,145,7318.742449,6586.719209,7186.429787,7378.345289,6461.192554,6701.00008,79,85,80,81,80,77
Morocco,MAR,1.01E+11,98266306615,1.07E+11,1.10E+11,1.01E+11,1.01E+11,60,60,60,59,58,55,3039.916016,2904.746728,3111.762887,3154.513484,2847.285569,2832.429777,126,126,124,121,123,120
Mozambique,MOZ,13131168012,14534278446,16018848991,16961127046,14798399862,11014858592,119,115,112,111,110,121,526.5313517,566.0513873,605.9856081,623.2871141,528.3125597,382.0693304,179,175,176,173,175,175
Myanmar,MMR,59977326086,59731122170,60132854537,65574726566,62600906116,67429590536,71,70,71,69,71,66,1186.423937,1171.508257,1168.803947,1262.893782,1194.590137,1275.017608,156,154,156,152,149,142
Namibia,NAM,12409629836,13016272899,12713366873,12853963143,11491507356,10267157280,124,121,125,125,124,125,5600.971392,5749.404752,5488.131712,5421.343953,4737.669906,4140.461932,95,93,95,95,96,97
Nauru,NRU,72751801.05,103811958.8,108601538.5,117020381.9,100459782.6,102060129.6,189,186,187,185,183,177,7233.946609,10099.422,10036.18321,9872.638314,8052.888385,7821.298918,80,65,67,67,71,68
Nepal,NPL,18913574371,18851513891,19271168018,20002968838,21313549579,21143873417,106,107,106,105,101,98,692.1166842,681.7925868,688.6172788,706.2386977,743.7653489,729.5325011,172,169,172,170,163,158
Netherlands,NLD,8.94E+11,8.29E+11,8.67E+11,8.80E+11,7.50E+11,7.71E+11,16,18,18,18,18,18,53540.60536,49474.70561,51574.48942,52157.40687,44292.88473,45294.78,10,13,13,13,12,12
New Zealand,NZL,1.68E+11,1.76E+11,1.91E+11,2.01E+11,1.76E+11,1.85E+11,52,52,53,51,52,49,38426.55081,39970.25624,42889.88141,44503.24673,38201.89037,39426.6235,27,25,22,20,20,19
Nicaragua,NIC,9774316692,10532001130,10982972256,11880438824,12747741540,13230844687,134,130,132,130,118,115,1682.957924,1792.038045,1847.198049,1975.464707,2095.966488,2151.382047,139,137,140,138,133,129
Niger,NER,6409169890,6942209595,7667951988,8245312137,7142951342,7508986509,144,142,141,139,139,134,375.5819866,391.5155024,416.1400838,430.6046498,358.9970301,363.2269739,187,185,184,182,182,176
Nigeria,NGA,4.12E+11,4.61E+11,5.15E+11,5.68E+11,4.81E+11,4.05E+11,29,27,26,22,23,26,2527.942003,2755.297787,2996.964302,3221.678128,2655.157977,2177.98517,130,128,126,120,125,128
Norway,NOR,4.98E+11,5.10E+11,5.23E+11,4.98E+11,3.87E+11,3.71E+11,26,24,24,26,28,28,100574.9861,101563.7027,102910.435,97005.49856,74505.24654,70812.47742,4,3,3,3,3,3
Oman,OMN,67937307405,76689583317,78938585286,81034395038,69831770996,66293368010,64,63,63,63,65,68,20986.00036,22134.91006,21268.7564,20458.45226,16627.36433,14982.35792,42,37,39,38,40,44
Pakistan,PAK,2.14E+11,2.24E+11,2.31E+11,2.44E+11,2.71E+11,2.84E+11,46,44,46,42,40,38,1226.215314,1261.208967,1272.441061,1316.980966,1431.244865,1468.192946,154,151,152,150,140,138
Palau,PLW,199900000,214200000,228700000,250900000,287400000,293000000,186,183,184,182,180,174,9704.35458,10318.91319,10932.12237,11894.37755,13500.5637,13626.00567,66,64,63,61,50,50
Panama,PAN,34373820500,39954761200,44856189500,49165773100,52132289700,55187700000,86,86,85,80,77,71,9270.723171,10589.82713,11685.97983,12593.73704,13134.04367,13680.23601,67,63,62,57,52,49
Papua New Guinea,PNG,12873049346,15391629871,15413163675,16928680397,,,122,112,115,112,,,1770.867119,2071.318741,2029.953604,2182.716565,,,136,133,134,132,,
Paraguay,PRY,25099681461,24595319574,28965906502,30881166852,27282581336,27440632934,98,100,97,96,96,91,3988.011894,3855.537735,4479.905858,4712.822736,4109.367724,4080.204644,108,110,103,100,102,99
Peru,PER,1.72E+11,1.93E+11,2.01E+11,2.01E+11,1.89E+11,1.92E+11,51,50,50,50,47,47,5771.565878,6387.785281,6583.116248,6491.05245,6030.343259,6045.650077,90,88,90,86,84,80
Philippines,PHL,2.24E+11,2.50E+11,2.72E+11,2.85E+11,2.93E+11,3.05E+11,45,41,40,38,37,33,2352.518156,2581.818554,2760.289146,2842.938353,2878.33837,2951.071929,133,130,130,128,121,117
Poland,POL,5.29E+11,5.00E+11,5.24E+11,5.45E+11,4.77E+11,4.70E+11,24,25,23,23,24,23,13893.18768,13145.10484,13780.54911,14341.6705,12565.9876,12372.41706,54,53,54,51,53,53
Portugal,PRT,2.45E+11,2.16E+11,2.26E+11,2.30E+11,1.99E+11,2.05E+11,41,46,47,45,43,43,23196.18375,20577.40264,21618.73534,22077.53613,19220.00681,19813.30825,36,40,38,36,35,34
Qatar,QAT,1.68E+11,1.87E+11,1.99E+11,2.06E+11,1.65E+11,1.52E+11,53,51,51,49,54,52,85948.07046,88564.82298,88304.87958,86852.71019,66346.52267,59330.85999,6,4,4,4,4,6
Romania,ROU,1.85E+11,1.72E+11,1.92E+11,1.99E+11,1.78E+11,1.87E+11,50,55,52,52,51,48,9200.277825,8558.397606,9585.266593,10020.27733,8958.788593,9474.130604,68,72,70,66,65,59
Russian Federation,RUS,2.03E+12,2.17E+12,2.23E+12,2.06E+12,1.37E+12,1.28E+12,9,8,8,9,12,12,14212.06087,15154.45687,15543.67653,14125.9061,9329.298351,8748.364504,51,47,49,52,61,61
Rwanda,RWA,6491683832,7315702176,7622526429,8016288347,8261034258,8376048905,143,140,142,140,137,131,617.3107648,678.0796973,688.8768557,706.5699517,710.3483907,702.8356016,174,170,171,169,166,160
Samoa,WSM,739777274.1,801152293.3,804816205.7,803574789.1,803976511.5,785916937.4,179,173,175,175,172,166,3942.009827,4234.554443,4219.065123,4178.973369,4149.363444,4027.76137,109,106,108,107,98,100
San Marino,SMR,,,,,,,,,,,,,,,,,,,,,,,,
Sao Tome and Principe,STP,233213522.6,252560557.1,302925489.7,348463457.9,317696178.7,351054248.5,185,182,183,180,178,172,1304.326189,1380.949959,1619.532678,1821.878734,1624.603963,1756.06147,152,147,145,139,138,133
Saudi Arabia,SAU,6.71E+11,7.36E+11,7.47E+11,7.56E+11,6.54E+11,6.46E+11,20,19,19,19,20,20,23770.74739,25303.09462,24934.38614,24575.40304,20732.86172,20028.64821,35,31,33,33,33,33
Senegal,SEN,14368348214,14202389642,14810978041,15308965399,13609978076,14765462631,118,117,118,117,116,109,1080.253021,1036.405018,1048.912351,1052.443873,908.7256145,958.0737379,158,157,158,159,157,151
Serbia,SRB,46466728667,40742313861,45519650911,44210806366,37160332465,37745114708,77,85,84,85,88,84,6423.291783,5659.380204,6353.826383,6200.173221,5237.255334,5348.294064,86,95,91,90,89,84
Seychelles,SYC,1065826670,1134267367,1411061261,1422530792,1437722206,1427323889,173,169,167,165,164,159,12189.09516,12845.17363,15687.34795,15570.77892,15390.04064,15075.71944,58,55,48,48,45,43
Sierra Leone,SLE,2942546781,3801862611,4920343195,5015157816,4251779857,3668876080,157,154,150,149,149,147,445.052005,561.8984239,710.8186998,708.4394757,587.5038233,496.0494634,185,177,169,168,171,168
Singapore,SGP,2.76E+11,2.89E+11,3.03E+11,3.08E+11,2.97E+11,2.97E+11,37,36,36,36,35,34,53166.67581,54431.16199,56029.18914,56336.07234,53629.73746,52960.71419,11,9,9,9,8,9
Slovak Republic,SVK,98181259740,93413992956,98478349315,1.01E+11,87267593788,89551834323,61,61,61,61,62,60,18187.15744,17274.6423,18191.61279,18595.15111,16089.74846,16495.98768,44,44,44,43,42,39
Slovenia,SVN,51290792018,46258247575,47688566993,49530147016,42776716631,43990635176,74,79,80,79,83,78,24985.24827,22486.47167,23150.31799,24020.67286,20729.86383,21304.57016,33,35,35,34,34,32
Solomon Islands,SLB,886498370.7,1025125082,1059695156,1156563123,1129164719,1202125000,175,170,171,169,167,161,1642.837974,1858.689868,1880.5159,2009.652622,1922.041388,2005.483643,142,136,138,137,134,131
Somalia,SOM,,,5352000000,5647000000,5925000000,6217000000,,,148,146,144,139,,,407.5432354,417.8900143,426.0098537,434.2088097,,,185,183,179,172
South Africa,ZAF,4.16E+11,3.96E+11,3.67E+11,3.51E+11,3.17E+11,2.95E+11,28,30,33,33,32,36,8049.954224,7548.163698,6876.953821,6479.625659,5769.77258,5273.59388,73,76,86,87,87,85
South Sudan,SSD,17826697892,10368813559,13257635695,13282084034,9015221096,,111,131,121,122,132,,1706.090713,958.4550081,1186.101325,1151.861715,758.7205782,,137,159,155,155,162,
Spain,ESP,1.49E+12,1.34E+12,1.36E+12,1.38E+12,1.19E+12,1.23E+12,12,13,13,14,14,13,31834.21816,28562.29324,29210.09342,29600.47225,25683.84565,26528.49179,31,30,29,28,28,27
Sri Lanka,LKA,65292741297,68434399083,74317806755,79356456990,80611989527,81321876307,67,66,66,65,64,61,3220.992615,3350.521375,3610.289374,3820.540994,3844.89123,3835.394817,123,120,117,112,108,104
St. Kitts and Nevis,KNA,753225963,734462666.7,788163888.9,847778185.2,876478555.6,916896555.6,178,176,177,173,171,165,14483.44351,13965.55811,14823.74859,15775.84594,16144.97781,16725.27965,49,50,52,46,41,38
St. Lucia,LCA,1280623889,1298815407,1318052185,1386188630,1431135704,1378627407,168,166,168,167,165,160,7367.020393,7428.806631,7503.428129,7857.276796,8076.113132,7744.445173,78,78,78,76,69,69
St. Vincent and the Grenadines,VCT,676129407.4,692933740.7,721207148.1,727912814.8,737683555.6,770796555.6,180,177,178,176,174,168,6183.676822,6338.117781,6597.211381,6656.298315,6739.605825,7030.057145,87,89,89,85,77,74
Sudan,SDN,67327289320,68125631150,72065940086,82151588419,97156119150,95584380032,65,67,68,62,60,57,1666.857757,1892.894352,1955.660799,2176.898029,2513.884661,2415.038162,140,135,135,133,127,123
Suriname,SUR,4422276622,4980000000,5145757576,5240606061,4878731707,3620699735,152,148,149,148,145,148,8318.97692,9272.413453,9484.568098,9564.406383,8818.982566,6484.432731,72,70,71,69,66,78
Swaziland,SWZ,4820499498,4807282468,4575596301,4486261555,4137638727,3727303664,150,149,151,151,150,146,3934.273025,3851.501547,3598.705972,3464.035169,3136.92511,2775.153908,110,112,118,116,116,122
Sweden,SWE,5.63E+11,5.44E+11,5.79E+11,5.74E+11,4.96E+11,5.11E+11,22,23,21,21,22,22,59593.28711,57134.07707,60283.24522,59180.19898,50585.25847,51599.86887,9,8,8,8,11,10
Switzerland,CHE,6.96E+11,6.65E+11,6.85E+11,7.03E+11,6.71E+11,6.60E+11,19,20,20,20,19,19,87998.44468,83164.38795,84658.88768,85814.58857,80989.84024,78812.65069,5,5,5,5,2,2
Syrian Arab Republic,SYR,,,,,,,,,,,,,,,,,,,,,,,,
Tajikistan,TJK,6522732203,7633049792,8506674783,9236309138,7853450374,6951657159,142,139,138,136,138,135,834.5412953,954.7205253,1040.214412,1104.459019,918.6771543,795.8438644,166,161,159,156,156,153
Tanzania,TZA,33878631649,39087748240,44333456245,48197218327,45628247290,47431038892,87,87,87,82,81,77,733.4128065,820.1562898,901.7314303,950.3743138,872.2940933,879.193814,170,165,165,162,158,152
Thailand,THA,3.71E+11,3.98E+11,4.21E+11,4.07E+11,3.99E+11,4.07E+11,30,29,29,29,26,25,5491.159981,5859.915622,6171.262444,5941.84071,5814.863134,5907.913432,96,92,92,91,86,82
Timor-Leste,TLS,1148000000,1293000000,1312000000,1399000000,1441718600,,170,167,169,166,163,,1014.56179,1117.77724,1107.765674,1153.515708,1161.760935,,159,156,157,154,151,
Togo,TGO,3756023160,3866617463,4080929201,4482880424,4087628276,4399995987,155,153,155,152,151,144,562.3393592,563.6894247,579.434805,620.1318489,551.1308346,578.4616936,178,176,177,174,174,165
Tonga,TON,423015938,472441383,449387934,443475142.1,435430325.2,395159628.8,183,180,181,179,177,171,4045.018866,4501.542462,4266.557174,4192.349758,4093.775387,3688.874636,107,103,107,105,104,105
Trinidad and Tobago,TTO,25433011405,25694164489,26436221401,26175906133,23559287484,20989155540,96,97,99,100,99,99,19053.97067,19152.05301,19607.83283,19325.24283,17321.83373,15377.09881,43,42,42,41,38,41
Tunisia,TUN,45810626509,45044176964,46255308672,47603227897,43156606852,42062549395,79,80,83,83,82,81,4256.91279,4137.554021,4199.470253,4271.681702,3828.091589,3688.646375,106,108,109,104,109,106
Turkey,TUR,8.33E+11,8.74E+11,9.51E+11,9.34E+11,8.59E+11,8.58E+11,18,17,16,16,17,17,11341.13395,11720.30843,12542.93565,12127.22522,10979.52569,10787.60934,61,61,58,59,57,56
Turkmenistan,TKM,29233333333,35164210526,39197543860,43524210526,35799628571,36179885714,90,89,89,86,90,85,5649.978486,6675.262954,7304.420525,7962.365824,6432.668768,6389.334143,92,83,79,73,81,79
Tuvalu,TUV,39312016.5,39875750.67,38322359.53,37259689.92,32673277.74,34218878.44,190,187,188,186,184,178,3698.910096,3718.018711,3542.135089,3415.813158,2970.027974,3083.615251,115,115,120,118,119,114
Uganda,UGA,20508595015,23516083900,24879053947,27927875336,27856380083,25527910091,105,102,101,97,95,94,584.3962137,647.704741,662.4922903,719.172669,693.8963829,615.3088032,176,173,173,167,167,164
Ukraine,UKR,1.63E+11,1.76E+11,1.83E+11,1.34E+11,91030959455,93270479389,54,53,54,57,61,58,3569.757027,3855.42128,4029.715504,3104.658296,2124.662666,2185.728031,118,111,110,124,131,126
United Arab Emirates,ARE,3.51E+11,3.75E+11,3.90E+11,4.03E+11,3.58E+11,3.49E+11,31,32,30,30,30,29,40462.31209,42112.23565,43350.64268,44449.74035,39101.74689,37622.20746,26,22,21,21,19,21
United Kingdom,GBR,2.61E+12,2.65E+12,2.72E+12,3.00E+12,2.86E+12,2.62E+12,7,6,6,5,5,5,41240.42486,41538.30726,42407.37101,46412.11727,43929.69081,39899.38839,24,23,24,19,13,18
United States,USA,1.55E+13,1.62E+13,1.67E+13,1.74E+13,1.80E+13,1.86E+13,1,1,1,1,1,1,49790.66548,51450.1223,52787.02695,54598.55069,56207.03675,57466.78711,16,11,10,11,7,7
Uruguay,URY,47962439293,51264390121,57531233351,57236013078,53274304215,52419720714,75,75,74,74,75,72,14166.49908,15092.06819,16881.20568,16737.89827,15524.84247,15220.56603,52,48,45,44,44,42
Uzbekistan,UZB,45915191189,51821573338,57690453461,63067077179,66903804143,67220335570,78,74,73,71,67,67,1564.966945,1740.468298,1907.551233,2050.448414,2137.576852,2110.647872,144,140,137,135,130,130
Vanuatu,VUT,792149700.7,781702874.1,801787555.9,814954307,742432131,773502895.9,176,175,176,174,173,167,3275.091684,3158.58688,3167.343056,3148.365103,2805.83414,2860.566475,122,123,123,122,124,119
"Venezuela, RB",VEN,3.16E+11,3.81E+11,3.71E+11,,,,34,31,32,,,,10741.57638,12755.00008,12237.22406,,,,62,57,59,,,
Vietnam,VNM,1.36E+11,1.56E+11,1.71E+11,1.86E+11,1.93E+11,2.03E+11,57,56,56,53,46,44,1542.670436,1754.547974,1907.564382,2052.319084,2107.012927,2185.690282,145,139,136,134,132,127
West Bank and Gaza,PSE,10465400000,11279400000,12476000000,12715600000,12673000000,13397100000,130,127,127,127,120,114,2664.951385,2787.169738,2992.200995,2960.778004,2865.805109,2943.404534,129,127,127,126,122,118
"Yemen, Rep.",YEM,32726417878,35401339869,40415233436,43228583935,37733919936,27317605346,88,88,88,87,85,92,1349.42025,1421.171575,1580.181601,1647.033657,1401.903319,990.334774,150,146,146,143,143,150
Zambia,ZMB,23460098340,25503370699,28045460442,27150630607,21154394546,19551093303,101,98,98,98,102,103,1644.619672,1734.930612,1850.793359,1738.088202,1313.889646,1178.387905,141,141,139,141,146,144
Zimbabwe,ZWE,12071733500,14058378300,15223528900,15834069900,16072380200,16289212000,126,118,116,116,109,106,839.0927936,955.648466,1011.227396,1027.407462,1018.693083,1008.597331,163,160,161,160,155,148
